point_x,point_y,point_z,reachable,error_mm
0.1,-0.4,0.4214285714285714,1,0.0469110781445927
0.1,-0.4,0.5142857142857142,1,0.0428062020633019
0.1,-0.4,0.6071428571428571,1,0.04181800047333869
0.1,-0.4,0.7,1,0.04437389743169717
0.1,-0.2857142857142857,0.3285714285714285,1,0.00561532839944627
0.1,-0.2857142857142857,0.4214285714285714,1,0.01840300462182914
0.1,-0.2857142857142857,0.5142857142857142,1,0.023615951791974163
0.1,-0.2857142857142857,0.6071428571428571,1,0.012316011439074633
0.1,-0.2857142857142857,0.7,1,0.019287206580285814
0.1,-0.17142857142857143,0.3285714285714285,1,0.019028000550303174
0.1,-0.17142857142857143,0.4214285714285714,1,0.021411673712007657
0.1,-0.17142857142857143,0.5142857142857142,1,0.014415288499024303
0.1,-0.17142857142857143,0.6071428571428571,1,0.03738289546913674
0.1,-0.17142857142857143,0.7,1,0.008886940711139468
0.1,-0.05714285714285716,0.3285714285714285,1,0.022753977826143693
0.1,-0.05714285714285716,0.4214285714285714,1,0.006740487772622963
0.1,-0.05714285714285716,0.5142857142857142,1,0.012506399955808406
0.1,-0.05714285714285716,0.6071428571428571,1,0.02541755401213234
0.1,-0.05714285714285716,0.7,1,0.02044934639938341
0.1,0.05714285714285716,0.3285714285714285,1,0.003994656080738007
0.1,0.05714285714285716,0.4214285714285714,1,0.0043114004272853295
0.1,0.05714285714285716,0.5142857142857142,1,0.010107165964085405
0.1,0.05714285714285716,0.6071428571428571,1,0.01523712421023547
0.1,0.05714285714285716,0.7,1,0.014072079803599298
0.1,0.17142857142857149,0.3285714285714285,1,0.02012904833631554
0.1,0.17142857142857149,0.4214285714285714,1,0.00268134192814493
0.1,0.17142857142857149,0.5142857142857142,1,0.003995755072485528
0.1,0.17142857142857149,0.6071428571428571,1,0.008408859429990772
0.1,0.17142857142857149,0.7,1,0.012113634014583163
0.1,0.2857142857142857,0.3285714285714285,1,0.0059558244869389815
0.1,0.2857142857142857,0.4214285714285714,1,0.0038918633248193795
0.1,0.2857142857142857,0.5142857142857142,1,0.005512810063266766
0.1,0.2857142857142857,0.6071428571428571,1,1.3973314683295992
0.1,0.2857142857142857,0.7,1,0.011075852365147148
0.1,0.4,0.3285714285714285,1,0.045013458631553094
0.1,0.4,0.4214285714285714,1,0.004635352691388649
0.1,0.4,0.5142857142857142,1,0.0062087747754454355
0.1,0.4,0.6071428571428571,1,0.0070543769783634365
0.1,0.4,0.7,1,0.007726240985015968
0.17142857142857143,-0.4,0.3285714285714285,1,0.022378397119011496
0.17142857142857143,-0.4,0.4214285714285714,1,0.027019447160249177
0.17142857142857143,-0.4,0.5142857142857142,1,0.02883344483892927
0.17142857142857143,-0.4,0.6071428571428571,1,0.031081717418464508
0.17142857142857143,-0.4,0.7,1,0.03413822030173168
0.17142857142857143,-0.2857142857142857,0.3285714285714285,1,0.028590664258833554
0.17142857142857143,-0.2857142857142857,0.4214285714285714,1,0.042580140914128296
0.17142857142857143,-0.2857142857142857,0.5142857142857142,1,0.04022039345622926
0.17142857142857143,-0.2857142857142857,0.6071428571428571,1,0.03740314661917031
0.17142857142857143,-0.2857142857142857,0.7,1,0.03823892931732857
0.17142857142857143,-0.17142857142857143,0.3285714285714285,1,0.01982456820110627
0.17142857142857143,-0.17142857142857143,0.4214285714285714,1,0.01721616723722958
0.17142857142857143,-0.17142857142857143,0.5142857142857142,1,0.022217816318634436
0.17142857142857143,-0.17142857142857143,0.6071428571428571,1,0.028191867744076404
0.17142857142857143,-0.17142857142857143,0.7,1,0.03646076874354634
0.17142857142857143,-0.05714285714285716,0.3285714285714285,1,0.024731459371940222
0.17142857142857143,-0.05714285714285716,0.4214285714285714,1,0.01837039846253747
0.17142857142857143,-0.05714285714285716,0.5142857142857142,1,0.02167045714338569
0.17142857142857143,-0.05714285714285716,0.6071428571428571,1,0.01743874320328488
0.17142857142857143,-0.05714285714285716,0.7,1,0.021050542447572353
0.17142857142857143,0.05714285714285716,0.3285714285714285,1,0.0023955199781911306
0.17142857142857143,0.05714285714285716,0.4214285714285714,1,3.8626627814958034
0.17142857142857143,0.05714285714285716,0.5142857142857142,1,0.005100439585199276
0.17142857142857143,0.05714285714285716,0.7,1,0.027531482758797788
0.17142857142857143,0.17142857142857149,0.3285714285714285,1,0.007979802969936292
0.17142857142857143,0.17142857142857149,0.4214285714285714,1,0.00655660648668977
0.17142857142857143,0.17142857142857149,0.7,1,0.024147147855910153
0.17142857142857143,0.2857142857142857,0.3285714285714285,1,0.01127533912336545
0.17142857142857143,0.2857142857142857,0.4214285714285714,1,0.006649077175344247
0.17142857142857143,0.2857142857142857,0.5142857142857142,1,0.018134470400661098
0.17142857142857143,0.2857142857142857,0.6071428571428571,1,0.026126163848791625
0.17142857142857143,0.2857142857142857,0.7,1,0.017813869434548203
0.17142857142857143,0.4,0.3285714285714285,1,0.015243346213058185
0.17142857142857143,0.4,0.4214285714285714,1,0.014384741205897352
0.17142857142857143,0.4,0.5142857142857142,1,0.015209355165262856
0.17142857142857143,0.4,0.6071428571428571,1,0.01290822792584111
0.17142857142857143,0.4,0.7,1,0.02368122350884336
0.24285714285714285,-0.4,0.3285714285714285,1,0.02132762488616601
0.24285714285714285,-0.4,0.4214285714285714,1,0.05118316759837305
0.24285714285714285,-0.4,0.5142857142857142,1,0.24554399939862778
0.24285714285714285,-0.4,0.6071428571428571,1,0.02460645697351045
0.24285714285714285,-0.4,0.7,1,0.028457999517146577
0.24285714285714285,-0.2857142857142857,0.3285714285714285,1,0.01851672850139336
0.24285714285714285,-0.2857142857142857,0.4214285714285714,1,0.02289071517165483
0.24285714285714285,-0.2857142857142857,0.5142857142857142,1,0.022395182913298988
0.24285714285714285,-0.2857142857142857,0.6071428571428571,1,0.02153271059414835
0.24285714285714285,-0.2857142857142857,0.7,1,0.02757442082523627
0.24285714285714285,-0.17142857142857143,0.3285714285714285,1,0.01275122000706462
0.24285714285714285,-0.17142857142857143,0.4214285714285714,1,0.017021384529550924
0.24285714285714285,-0.17142857142857143,0.5142857142857142,1,0.018120691271438193
0.24285714285714285,-0.17142857142857143,0.6071428571428571,1,0.02323911339453821
0.24285714285714285,-0.17142857142857143,0.7,1,0.03738786073353558
0.24285714285714285,-0.05714285714285716,0.3285714285714285,1,0.029358190746108088
0.24285714285714285,-0.05714285714285716,0.4214285714285714,1,0.012287867719402991
0.24285714285714285,-0.05714285714285716,0.7,1,0.018157656323199697
0.24285714285714285,0.05714285714285716,0.3285714285714285,1,0.012186091897311697
0.24285714285714285,0.05714285714285716,0.4214285714285714,1,0.01442937322240236
0.24285714285714285,0.05714285714285716,0.7,1,0.11647138471822771
0.24285714285714285,0.17142857142857149,0.3285714285714285,1,0.01671735868042658
0.24285714285714285,0.17142857142857149,0.7,1,0.13199839400427354
0.24285714285714285,0.2857142857142857,0.7,1,0.05544535144650342
0.24285714285714285,0.4,0.6071428571428571,1,0.031327991372432994
0.24285714285714285,0.4,0.7,1,0.024467460226673867
0.3142857142857143,-0.4,0.6071428571428571,1,0.04185546268523638
0.3142857142857143,-0.4,0.7,1,0.02547214172496776
0.3142857142857143,-0.2857142857142857,0.6071428571428571,1,4.319044281520152
0.3142857142857143,-0.2857142857142857,0.7,1,0.0385657302722412
0.3142857142857143,-0.17142857142857143,0.7,1,0.042089906796863696
0.3142857142857143,-0.05714285714285716,0.3285714285714285,1,3.2331106772498406
0.3142857142857143,-0.05714285714285716,0.7,1,0.017330859953948136
0.3142857142857143,0.05714285714285716,0.3285714285714285,1,4.104114279494323
0.3142857142857143,0.05714285714285716,0.7,1,0.031039933362661903
0.3142857142857143,0.17142857142857149,0.7,1,0.01535888719136989
0.3142857142857143,0.2857142857142857,0.7,1,0.020423642168046072
0.3142857142857143,0.4,0.6071428571428571,1,0.22211758956813762
0.3142857142857143,0.4,0.7,1,0.12478953823928242
0.3857142857142857,-0.4,0.6071428571428571,1,0.027351801613471123
0.3857142857142857,-0.4,0.7,1,0.029987208095381468
0.3857142857142857,-0.2857142857142857,0.3285714285714285,1,0.022191107143905865
0.3857142857142857,-0.2857142857142857,0.4214285714285714,1,0.03098974687298922
0.3857142857142857,-0.2857142857142857,0.5142857142857142,1,0.03710445048420698
0.3857142857142857,-0.2857142857142857,0.6071428571428571,1,0.032050851278159126
0.3857142857142857,-0.2857142857142857,0.7,1,0.03096871912122278
0.3857142857142857,-0.17142857142857143,0.3285714285714285,1,0.023281904818911184
0.3857142857142857,-0.17142857142857143,0.4214285714285714,1,0.023812318491677996
0.3857142857142857,-0.17142857142857143,0.5142857142857142,1,0.03241987931350456
0.3857142857142857,-0.17142857142857143,0.6071428571428571,1,0.02695074265423157
0.3857142857142857,-0.17142857142857143,0.7,1,0.0243945858272365
0.3857142857142857,-0.05714285714285716,0.3285714285714285,1,0.012539187340814769
0.3857142857142857,-0.05714285714285716,0.4214285714285714,1,0.013460405893400678
0.3857142857142857,-0.05714285714285716,0.5142857142857142,1,0.01805627284501209
0.3857142857142857,-0.05714285714285716,0.6071428571428571,1,0.02940083511702915
0.3857142857142857,-0.05714285714285716,0.7,1,0.02772018120815187
0.3857142857142857,0.05714285714285716,0.3285714285714285,1,0.01105157176463386
0.3857142857142857,0.05714285714285716,0.4214285714285714,1,0.013667914759073004
0.3857142857142857,0.05714285714285716,0.5142857142857142,1,0.015468632429307632
0.3857142857142857,0.05714285714285716,0.6071428571428571,1,0.02751752424334434
0.3857142857142857,0.05714285714285716,0.7,1,0.02734793937356713
0.3857142857142857,0.17142857142857149,0.3285714285714285,1,0.012079726972395222
0.3857142857142857,0.17142857142857149,0.4214285714285714,1,0.018698314567776028
0.3857142857142857,0.17142857142857149,0.5142857142857142,1,0.017822955783643
0.3857142857142857,0.17142857142857149,0.6071428571428571,1,0.02181370220409941
0.3857142857142857,0.17142857142857149,0.7,1,0.02451720045209505
0.3857142857142857,0.2857142857142857,0.3285714285714285,1,0.014873656334646438
0.3857142857142857,0.2857142857142857,0.4214285714285714,1,0.017134787212651
0.3857142857142857,0.2857142857142857,0.5142857142857142,1,0.02120177296930935
0.3857142857142857,0.2857142857142857,0.6071428571428571,1,0.021082074650429203
0.3857142857142857,0.2857142857142857,0.7,1,0.022602446439494082
0.3857142857142857,0.4,0.3285714285714285,1,0.02201247460286629
0.3857142857142857,0.4,0.4214285714285714,1,0.017925486702971526
0.3857142857142857,0.4,0.5142857142857142,1,0.02008264020938187
0.3857142857142857,0.4,0.6071428571428571,1,0.01989386099581157
0.3857142857142857,0.4,0.7,1,0.02356788812435216
0.4571428571428571,-0.4,0.3285714285714285,1,0.019067899036778004
0.4571428571428571,-0.4,0.4214285714285714,1,0.023067747312924658
0.4571428571428571,-0.4,0.5142857142857142,1,0.022436029511750038
0.4571428571428571,-0.4,0.6071428571428571,1,0.024595930876108583
0.4571428571428571,-0.4,0.7,1,0.02065450780828527
0.4571428571428571,-0.2857142857142857,0.3285714285714285,1,0.019373870280069788
0.4571428571428571,-0.2857142857142857,0.4214285714285714,1,0.022502826115386367
0.4571428571428571,-0.2857142857142857,0.5142857142857142,1,0.02279320972494985
0.4571428571428571,-0.2857142857142857,0.6071428571428571,1,0.027508212570435606
0.4571428571428571,-0.2857142857142857,0.7,1,0.026329648377698568
0.4571428571428571,-0.17142857142857143,0.3285714285714285,1,0.016549451437277627
0.4571428571428571,-0.17142857142857143,0.4214285714285714,1,0.01983170812396233
0.4571428571428571,-0.17142857142857143,0.5142857142857142,1,0.02162317039849567
0.4571428571428571,-0.17142857142857143,0.6071428571428571,1,0.01999667788631592
0.4571428571428571,-0.17142857142857143,0.7,1,0.021528324856197177
0.4571428571428571,-0.05714285714285716,0.3285714285714285,1,0.024618488123939304
0.4571428571428571,-0.05714285714285716,0.4214285714285714,1,0.017715669726428445
0.4571428571428571,-0.05714285714285716,0.5142857142857142,1,0.019571087520412374
0.4571428571428571,-0.05714285714285716,0.6071428571428571,1,0.02490341347524238
0.4571428571428571,-0.05714285714285716,0.7,1,0.024542297062890985
0.4571428571428571,0.05714285714285716,0.3285714285714285,1,0.023148773641921062
0.4571428571428571,0.05714285714285716,0.4214285714285714,1,0.01577978764429595
0.4571428571428571,0.05714285714285716,0.5142857142857142,1,0.01696362010181214
0.4571428571428571,0.05714285714285716,0.6071428571428571,1,0.021015788885541068
0.4571428571428571,0.05714285714285716,0.7,1,0.020409499645721363
0.4571428571428571,0.17142857142857149,0.3285714285714285,1,0.02167533578576376
0.4571428571428571,0.17142857142857149,0.4214285714285714,1,0.014921555000151202
0.4571428571428571,0.17142857142857149,0.5142857142857142,1,0.025377866473383127
0.4571428571428571,0.17142857142857149,0.6071428571428571,1,0.019489481652237458
0.4571428571428571,0.17142857142857149,0.7,1,0.01977681590649866
0.4571428571428571,0.2857142857142857,0.3285714285714285,1,0.022381890233723226
0.4571428571428571,0.2857142857142857,0.4214285714285714,1,0.023411079526529092
0.4571428571428571,0.2857142857142857,0.5142857142857142,1,0.02343491982422895
0.4571428571428571,0.2857142857142857,0.6071428571428571,1,0.019911921385245685
0.4571428571428571,0.2857142857142857,0.7,1,0.022803447004013603
0.4571428571428571,0.4,0.3285714285714285,1,0.017705781249039865
0.4571428571428571,0.4,0.4214285714285714,1,0.0214725257653854
0.4571428571428571,0.4,0.5142857142857142,1,0.02119585582723449
0.4571428571428571,0.4,0.6071428571428571,1,0.023782468981506495
0.4571428571428571,0.4,0.7,1,0.02199798020238111
0.5285714285714286,-0.4,0.3285714285714285,1,0.016802921016903043
0.5285714285714286,-0.4,0.4214285714285714,1,0.02371002899097924
0.5285714285714286,-0.4,0.5142857142857142,1,0.023847112338376313
0.5285714285714286,-0.4,0.6071428571428571,1,0.024322323031345013
0.5285714285714286,-0.4,0.7,1,0.021761135380365684
0.5285714285714286,-0.2857142857142857,0.3285714285714285,1,0.021748799097832106
0.5285714285714286,-0.2857142857142857,0.4214285714285714,1,0.018532087143493556
0.5285714285714286,-0.2857142857142857,0.5142857142857142,1,0.018970704453846955
0.5285714285714286,-0.2857142857142857,0.6071428571428571,1,0.022330147219778298
0.5285714285714286,-0.2857142857142857,0.7,1,0.019868800376931617
0.5285714285714286,-0.17142857142857143,0.3285714285714285,1,0.021731136918762297
0.5285714285714286,-0.17142857142857143,0.4214285714285714,1,0.017800443379826326
0.5285714285714286,-0.17142857142857143,0.5142857142857142,1,0.019158906953967696
0.5285714285714286,-0.17142857142857143,0.6071428571428571,1,0.023673106779308346
0.5285714285714286,-0.17142857142857143,0.7,1,0.024501440044692745
0.5285714285714286,-0.05714285714285716,0.3285714285714285,1,0.01917454683879205
0.5285714285714286,-0.05714285714285716,0.4214285714285714,1,0.02277204726642701
0.5285714285714286,-0.05714285714285716,0.5142857142857142,1,0.018057884216969234
0.5285714285714286,-0.05714285714285716,0.6071428571428571,1,0.023827211035767844
0.5285714285714286,-0.05714285714285716,0.7,1,0.021675974109187795
0.5285714285714286,0.05714285714285716,0.3285714285714285,1,0.0164689232808582
0.5285714285714286,0.05714285714285716,0.4214285714285714,1,0.019695521747838743
0.5285714285714286,0.05714285714285716,0.5142857142857142,1,0.02270993357182507
0.5285714285714286,0.05714285714285716,0.6071428571428571,1,0.023018606777425087
0.5285714285714286,0.05714285714285716,0.7,1,0.022735704303550344
0.5285714285714286,0.17142857142857149,0.3285714285714285,1,0.021972845103258715
0.5285714285714286,0.17142857142857149,0.4214285714285714,1,0.01865754267879188
0.5285714285714286,0.17142857142857149,0.5142857142857142,1,0.022038329460643286
0.5285714285714286,0.17142857142857149,0.6071428571428571,1,0.022872807547073576
0.5285714285714286,0.17142857142857149,0.7,1,0.027690472999892534
0.5285714285714286,0.2857142857142857,0.3285714285714285,1,0.025025711876346148
0.5285714285714286,0.2857142857142857,0.4214285714285714,1,0.021831163670938007
0.5285714285714286,0.2857142857142857,0.5142857142857142,1,0.024430853928026405
0.5285714285714286,0.2857142857142857,0.6071428571428571,1,0.023154559213817757
0.5285714285714286,0.2857142857142857,0.7,1,0.02349449175609753
0.5285714285714286,0.4,0.3285714285714285,1,0.01882344356094921
0.5285714285714286,0.4,0.4214285714285714,1,0.02714605203864755
0.5285714285714286,0.4,0.5142857142857142,1,0.020113935547021407
0.5285714285714286,0.4,0.6071428571428571,1,0.022977909948304943
0.5285714285714286,0.4,0.7,1,0.022195798708891264
0.6,-0.4,0.3285714285714285,1,0.015000109041476079
0.6,-0.4,0.4214285714285714,1,0.01525171521640569
0.6,-0.4,0.5142857142857142,1,0.013311711505347443
0.6,-0.4,0.6071428571428571,1,0.015701993079487886
0.6,-0.4,0.7,1,0.01332994054474396
0.6,-0.2857142857142857,0.3285714285714285,1,0.01342512547940115
0.6,-0.2857142857142857,0.4214285714285714,1,0.018313933254016364
0.6,-0.2857142857142857,0.5142857142857142,1,0.021952595268400425
0.6,-0.2857142857142857,0.6071428571428571,1,0.019969098893996513
0.6,-0.2857142857142857,0.7,1,0.020658802520294162
0.6,-0.17142857142857143,0.3285714285714285,1,0.021488639731491073
0.6,-0.17142857142857143,0.4214285714285714,1,0.021899070187109834
0.6,-0.17142857142857143,0.5142857142857142,1,0.021603799634319323
0.6,-0.17142857142857143,0.6071428571428571,1,0.02521453780476862
0.6,-0.17142857142857143,0.7,1,0.026800571953580293
0.6,-0.05714285714285716,0.3285714285714285,1,0.015472247699373843
0.6,-0.05714285714285716,0.4214285714285714,1,0.017798791818661695
0.6,-0.05714285714285716,0.5142857142857142,1,0.028849045162374607
0.6,-0.05714285714285716,0.6071428571428571,1,0.02646569119956586
0.6,-0.05714285714285716,0.7,1,0.032928576939051504
0.6,0.05714285714285716,0.3285714285714285,1,0.013979554442295752
0.6,0.05714285714285716,0.4214285714285714,1,0.01622305816466399
0.6,0.05714285714285716,0.5142857142857142,1,0.02681562017089516
0.6,0.05714285714285716,0.6071428571428571,1,0.025027602674105615
0.6,0.05714285714285716,0.7,1,0.031554800051093033
0.6,0.17142857142857149,0.3285714285714285,1,0.016151550506414165
0.6,0.17142857142857149,0.4214285714285714,1,0.0165185894477726
0.6,0.17142857142857149,0.5142857142857142,1,0.024908893922161328
0.6,0.17142857142857149,0.6071428571428571,1,0.028735758449649693
0.6,0.17142857142857149,0.7,1,0.030373312472253416
0.6,0.2857142857142857,0.3285714285714285,1,0.011822410014816853
0.6,0.2857142857142857,0.4214285714285714,1,0.022840039028744024
0.6,0.2857142857142857,0.5142857142857142,1,0.01765997953042627
0.6,0.2857142857142857,0.6071428571428571,1,0.02335410328050393
0.6,0.2857142857142857,0.7,1,0.02429312162851712
0.6,0.4,0.3285714285714285,1,0.01654779502039482
0.6,0.4,0.4214285714285714,1,0.015243778716489504
0.6,0.4,0.5142857142857142,1,0.0152322013939843
0.6,0.4,0.6071428571428571,1,0.01155473499359177
0.6,0.4,0.7,1,0.01088720667392961
0.1,-0.4,0.05,0,210.12453919327154
0.1,-0.4,0.14285714285714285,0,171.10489553173502
0.1,-0.4,0.2357142857142857,0,58.526336858912714
0.1,-0.4,0.3285714285714285,0,7.3276958122344436
0.1,-0.2857142857142857,0.05,0,417.16671585523704
0.1,-0.2857142857142857,0.14285714285714285,0,161.95495707985688
0.1,-0.2857142857142857,0.2357142857142857,0,62.66657073600666
0.1,-0.17142857142857143,0.05,0,239.45396316559433
0.1,-0.17142857142857143,0.14285714285714285,0,193.50251488042144
0.1,-0.17142857142857143,0.2357142857142857,0,83.72115717757939
0.1,-0.05714285714285716,0.05,0,271.47293770763963
0.1,-0.05714285714285716,0.14285714285714285,0,168.20409280517248
0.1,-0.05714285714285716,0.2357142857142857,0,90.57657479717123
0.1,0.05714285714285716,0.05,0,261.60832604705814
0.1,0.05714285714285716,0.14285714285714285,0,125.66568370685405
0.1,0.05714285714285716,0.2357142857142857,0,53.94512129115222
0.1,0.17142857142857149,0.05,0,272.3676541243427
0.1,0.17142857142857149,0.14285714285714285,0,176.0936521830424
0.1,0.17142857142857149,0.2357142857142857,0,103.22535525847151
0.1,0.2857142857142857,0.05,0,313.72036581076566
0.1,0.2857142857142857,0.14285714285714285,0,242.52051816895704
0.1,0.2857142857142857,0.2357142857142857,0,115.44925602254543
0.1,0.4,0.05,0,311.41469611562627
0.1,0.4,0.14285714285714285,0,212.12356822488866
0.1,0.4,0.2357142857142857,0,109.77808322002032
0.17142857142857143,-0.4,0.05,0,342.6934320594998
0.17142857142857143,-0.4,0.14285714285714285,0,193.90007094611397
0.17142857142857143,-0.4,0.2357142857142857,0,80.86444378419678
0.17142857142857143,-0.2857142857142857,0.05,0,351.3482280572572
0.17142857142857143,-0.2857142857142857,0.14285714285714285,0,262.0548376735869
0.17142857142857143,-0.2857142857142857,0.2357142857142857,0,64.78364718773454
0.17142857142857143,-0.17142857142857143,0.05,0,369.3679053010488
0.17142857142857143,-0.17142857142857143,0.14285714285714285,0,341.6037462515686
0.17142857142857143,-0.17142857142857143,0.2357142857142857,0,124.72326242630065
0.17142857142857143,-0.05714285714285716,0.05,0,417.5266722319515
0.17142857142857143,-0.05714285714285716,0.14285714285714285,0,312.87438467786666
0.17142857142857143,-0.05714285714285716,0.2357142857142857,0,131.67632777578478
0.17142857142857143,0.05714285714285716,0.05,0,273.40498653919656
0.17142857142857143,0.05714285714285716,0.14285714285714285,0,147.04367777428075
0.17142857142857143,0.05714285714285716,0.2357142857142857,0,62.03484584997457
0.17142857142857143,0.05714285714285716,0.6071428571428571,0,583.9091379558682
0.17142857142857143,0.17142857142857149,0.05,0,261.00632824689404
0.17142857142857143,0.17142857142857149,0.14285714285714285,0,157.40440108845021
0.17142857142857143,0.17142857142857149,0.2357142857142857,0,64.71656240000716
0.17142857142857143,0.17142857142857149,0.5142857142857142,0,12.756736943417902
0.17142857142857143,0.17142857142857149,0.6071428571428571,0,31.758378394846943
0.17142857142857143,0.2857142857142857,0.05,0,241.5603696034233
0.17142857142857143,0.2857142857142857,0.14285714285714285,0,153.6339892872951
0.17142857142857143,0.2857142857142857,0.2357142857142857,0,60.927968172532104
0.17142857142857143,0.4,0.05,0,250.9866385091386
0.17142857142857143,0.4,0.14285714285714285,0,148.41466042772444
0.17142857142857143,0.4,0.2357142857142857,0,56.94533100766488
0.24285714285714285,-0.4,0.05,0,245.8623331066945
0.24285714285714285,-0.4,0.14285714285714285,0,148.2696057874347
0.24285714285714285,-0.4,0.2357142857142857,0,58.579316198192416
0.24285714285714285,-0.2857142857142857,0.05,0,235.44090569228197
0.24285714285714285,-0.2857142857142857,0.14285714285714285,0,148.55511420872793
0.24285714285714285,-0.2857142857142857,0.2357142857142857,0,59.78558930023442
0.24285714285714285,-0.17142857142857143,0.05,0,242.6324489770086
0.24285714285714285,-0.17142857142857143,0.14285714285714285,0,151.83363042658098
0.24285714285714285,-0.17142857142857143,0.2357142857142857,0,59.75539666051323
0.24285714285714285,-0.05714285714285716,0.05,0,260.2060880652024
0.24285714285714285,-0.05714285714285716,0.14285714285714285,0,167.94531031938547
0.24285714285714285,-0.05714285714285716,0.2357142857142857,0,113.90953012797418
0.24285714285714285,-0.05714285714285716,0.5142857142857142,0,93.6794201174207
0.24285714285714285,-0.05714285714285716,0.6071428571428571,0,415.5486184966627
0.24285714285714285,0.05714285714285716,0.05,0,248.71734534324224
0.24285714285714285,0.05714285714285716,0.14285714285714285,0,170.6660584871709
0.24285714285714285,0.05714285714285716,0.2357142857142857,0,114.88778525662568
0.24285714285714285,0.05714285714285716,0.5142857142857142,0,25.957022632584263
0.24285714285714285,0.05714285714285716,0.6071428571428571,0,400.7295268919629
0.24285714285714285,0.17142857142857149,0.05,0,253.47481658540332
0.24285714285714285,0.17142857142857149,0.14285714285714285,0,172.2196344407634
0.24285714285714285,0.17142857142857149,0.2357142857142857,0,100.5494624482594
0.24285714285714285,0.17142857142857149,0.4214285714285714,0,21.799475208124573
0.24285714285714285,0.17142857142857149,0.5142857142857142,0,998.5106866828958
0.24285714285714285,0.17142857142857149,0.6071428571428571,0,428.643369956503
0.24285714285714285,0.2857142857142857,0.05,0,428.80242766623405
0.24285714285714285,0.2857142857142857,0.14285714285714285,0,215.2197435453985
0.24285714285714285,0.2857142857142857,0.2357142857142857,0,153.80461232877346
0.24285714285714285,0.2857142857142857,0.3285714285714285,0,214.32648384620455
0.24285714285714285,0.2857142857142857,0.4214285714285714,0,682.9385114249668
0.24285714285714285,0.2857142857142857,0.5142857142857142,0,535.3515142469063
0.24285714285714285,0.2857142857142857,0.6071428571428571,0,114.3895883029709
0.24285714285714285,0.4,0.05,0,461.4253760005561
0.24285714285714285,0.4,0.14285714285714285,0,338.8055275415299
0.24285714285714285,0.4,0.2357142857142857,0,1101.8041027843049
0.24285714285714285,0.4,0.3285714285714285,0,390.6961440500194
0.24285714285714285,0.4,0.4214285714285714,0,213.1802629712176
0.24285714285714285,0.4,0.5142857142857142,0,313.636366996602
0.3142857142857143,-0.4,0.05,0,232.9835743930876
0.3142857142857143,-0.4,0.14285714285714285,0,158.80277523122348
0.3142857142857143,-0.4,0.2357142857142857,0,296.3672320138797
0.3142857142857143,-0.4,0.3285714285714285,0,177.23241332827408
0.3142857142857143,-0.4,0.4214285714285714,0,301.178209203803
0.3142857142857143,-0.4,0.5142857142857142,0,192.94369774762856
0.3142857142857143,-0.2857142857142857,0.05,0,1265.833802452908
0.3142857142857143,-0.2857142857142857,0.14285714285714285,0,1120.428133815277
0.3142857142857143,-0.2857142857142857,0.2357142857142857,0,1281.146372589039
0.3142857142857143,-0.2857142857142857,0.3285714285714285,0,1271.9065873051002
0.3142857142857143,-0.2857142857142857,0.4214285714285714,0,531.664466766965
0.3142857142857143,-0.2857142857142857,0.5142857142857142,0,436.54137583620053
0.3142857142857143,-0.17142857142857143,0.05,0,293.1875846150746
0.3142857142857143,-0.17142857142857143,0.14285714285714285,0,190.72590271636753
0.3142857142857143,-0.17142857142857143,0.2357142857142857,0,94.86133395935674
0.3142857142857143,-0.17142857142857143,0.3285714285714285,0,62.11903017625426
0.3142857142857143,-0.17142857142857143,0.4214285714285714,0,87.37325436312726
0.3142857142857143,-0.17142857142857143,0.5142857142857142,0,226.4134007333198
0.3142857142857143,-0.17142857142857143,0.6071428571428571,0,53.07725133495101
0.3142857142857143,-0.05714285714285716,0.05,0,280.5217378524126
0.3142857142857143,-0.05714285714285716,0.14285714285714285,0,236.24700924339706
0.3142857142857143,-0.05714285714285716,0.2357142857142857,0,114.3050623379589
0.3142857142857143,-0.05714285714285716,0.4214285714285714,0,65.47808089994574
0.3142857142857143,-0.05714285714285716,0.5142857142857142,0,319.15381908220576
0.3142857142857143,-0.05714285714285716,0.6071428571428571,0,28.855634179538647
0.3142857142857143,0.05714285714285716,0.05,0,272.8034996658349
0.3142857142857143,0.05714285714285716,0.14285714285714285,0,173.89990491313
0.3142857142857143,0.05714285714285716,0.2357142857142857,0,109.05034300641572
0.3142857142857143,0.05714285714285716,0.4214285714285714,0,20.970155289358082
0.3142857142857143,0.05714285714285716,0.5142857142857142,0,444.85178297253606
0.3142857142857143,0.05714285714285716,0.6071428571428571,0,31.7989619217491
0.3142857142857143,0.17142857142857149,0.05,0,286.99612270078205
0.3142857142857143,0.17142857142857149,0.14285714285714285,0,197.19420111290702
0.3142857142857143,0.17142857142857149,0.2357142857142857,0,93.0081687029682
0.3142857142857143,0.17142857142857149,0.3285714285714285,0,76.20350600844552
0.3142857142857143,0.17142857142857149,0.4214285714285714,0,111.21983636951467
0.3142857142857143,0.17142857142857149,0.5142857142857142,0,316.45248955174867
0.3142857142857143,0.17142857142857149,0.6071428571428571,0,316.71589682060045
0.3142857142857143,0.2857142857142857,0.05,0,247.83085936218063
0.3142857142857143,0.2857142857142857,0.14285714285714285,0,788.4972952486945
0.3142857142857143,0.2857142857142857,0.2357142857142857,0,395.46965492731124
0.3142857142857143,0.2857142857142857,0.3285714285714285,0,1099.81199400523
0.3142857142857143,0.2857142857142857,0.4214285714285714,0,967.3044855149839
0.3142857142857143,0.2857142857142857,0.5142857142857142,0,149.14652316695825
0.3142857142857143,0.2857142857142857,0.6071428571428571,0,38.61124359642991
0.3142857142857143,0.4,0.05,0,404.5278456297539
0.3142857142857143,0.4,0.14285714285714285,0,465.0945742577035
0.3142857142857143,0.4,0.2357142857142857,0,294.88655355476914
0.3142857142857143,0.4,0.3285714285714285,0,329.00198175970485
0.3142857142857143,0.4,0.4214285714285714,0,91.38934056765876
0.3142857142857143,0.4,0.5142857142857142,0,91.53085256788907
0.3857142857142857,-0.4,0.05,0,723.7393884324027
0.3857142857142857,-0.4,0.14285714285714285,0,1251.3504349607751
0.3857142857142857,-0.4,0.2357142857142857,0,773.5209807525908
0.3857142857142857,-0.4,0.3285714285714285,0,184.48708804247653
0.3857142857142857,-0.4,0.4214285714285714,0,87.35741415540618
0.3857142857142857,-0.4,0.5142857142857142,0,21.11103040563303
0.3857142857142857,-0.2857142857142857,0.05,0,1159.066110697757
0.3857142857142857,-0.2857142857142857,0.14285714285714285,0,157.60051549848436
0.3857142857142857,-0.2857142857142857,0.2357142857142857,0,63.6501553658748
0.3857142857142857,-0.17142857142857143,0.05,0,271.8888471259019
0.3857142857142857,-0.17142857142857143,0.14285714285714285,0,156.09635206887816
0.3857142857142857,-0.17142857142857143,0.2357142857142857,0,62.35133721693309
0.3857142857142857,-0.05714285714285716,0.05,0,359.8313075614909
0.3857142857142857,-0.05714285714285716,0.14285714285714285,0,157.46578113852675
0.3857142857142857,-0.05714285714285716,0.2357142857142857,0,58.2881906151358
0.3857142857142857,0.05714285714285716,0.05,0,254.59178957411106
0.3857142857142857,0.05714285714285716,0.14285714285714285,0,158.11100844519615
0.3857142857142857,0.05714285714285716,0.2357142857142857,0,58.38189196297241
0.3857142857142857,0.17142857142857149,0.05,0,259.3395060653163
0.3857142857142857,0.17142857142857149,0.14285714285714285,0,156.77814938432184
0.3857142857142857,0.17142857142857149,0.2357142857142857,0,58.57735241406344
0.3857142857142857,0.2857142857142857,0.05,0,253.33605816896133
0.3857142857142857,0.2857142857142857,0.14285714285714285,0,153.33925520107638
0.3857142857142857,0.2857142857142857,0.2357142857142857,0,58.56484805558521
0.3857142857142857,0.4,0.05,0,243.58754010956952
0.3857142857142857,0.4,0.14285714285714285,0,148.9122374683955
0.3857142857142857,0.4,0.2357142857142857,0,58.791599044783815
0.4571428571428571,-0.4,0.05,0,237.14311625617253
0.4571428571428571,-0.4,0.14285714285714285,0,149.72281378950845
0.4571428571428571,-0.4,0.2357142857142857,0,58.860355307453766
0.4571428571428571,-0.2857142857142857,0.05,0,247.0183286273529
0.4571428571428571,-0.2857142857142857,0.14285714285714285,0,150.05436089400575
0.4571428571428571,-0.2857142857142857,0.2357142857142857,0,58.67556815090585
0.4571428571428571,-0.17142857142857143,0.05,0,257.1409885258319
0.4571428571428571,-0.17142857142857143,0.14285714285714285,0,153.10218643182816
0.4571428571428571,-0.17142857142857143,0.2357142857142857,0,58.580282283427756
0.4571428571428571,-0.05714285714285716,0.05,0,256.245563483276
0.4571428571428571,-0.05714285714285716,0.14285714285714285,0,154.19769073299977
0.4571428571428571,-0.05714285714285716,0.2357142857142857,0,58.73253562925368
0.4571428571428571,0.05714285714285716,0.05,0,256.8442785486601
0.4571428571428571,0.05714285714285716,0.14285714285714285,0,154.74833195930464
0.4571428571428571,0.05714285714285716,0.2357142857142857,0,58.853716140414384
0.4571428571428571,0.17142857142857149,0.05,0,262.2852250646938
0.4571428571428571,0.17142857142857149,0.14285714285714285,0,153.3853437643325
0.4571428571428571,0.17142857142857149,0.2357142857142857,0,58.66284597167879
0.4571428571428571,0.2857142857142857,0.05,0,246.09076317617473
0.4571428571428571,0.2857142857142857,0.14285714285714285,0,149.91607819379522
0.4571428571428571,0.2857142857142857,0.2357142857142857,0,58.69766862955794
0.4571428571428571,0.4,0.05,0,236.9913209722047
0.4571428571428571,0.4,0.14285714285714285,0,167.7897247907579
0.4571428571428571,0.4,0.2357142857142857,0,58.851609850430656
0.5285714285714286,-0.4,0.05,0,235.60575160540066
0.5285714285714286,-0.4,0.14285714285714285,0,150.30324897311257
0.5285714285714286,-0.4,0.2357142857142857,0,72.30553094330894
0.5285714285714286,-0.2857142857142857,0.05,0,236.84582598292684
0.5285714285714286,-0.2857142857142857,0.14285714285714285,0,167.00140791567011
0.5285714285714286,-0.2857142857142857,0.2357142857142857,0,58.860148082199245
0.5285714285714286,-0.17142857142857143,0.05,0,243.7492299350961
0.5285714285714286,-0.17142857142857143,0.14285714285714285,0,149.08320869498328
0.5285714285714286,-0.17142857142857143,0.2357142857142857,0,58.75877380603357
0.5285714285714286,-0.05714285714285716,0.05,0,246.39176831211918
0.5285714285714286,-0.05714285714285716,0.14285714285714285,0,150.1403224393089
0.5285714285714286,-0.05714285714285716,0.2357142857142857,0,58.69931055184289
0.5285714285714286,0.05714285714285716,0.05,0,246.02974640886586
0.5285714285714286,0.05714285714285716,0.14285714285714285,0,149.98447130021086
0.5285714285714286,0.05714285714285716,0.2357142857142857,0,58.72357684354642
0.5285714285714286,0.17142857142857149,0.05,0,243.1605317775007
0.5285714285714286,0.17142857142857149,0.14285714285714285,0,149.41506416878968
0.5285714285714286,0.17142857142857149,0.2357142857142857,0,58.814434141888725
0.5285714285714286,0.2857142857142857,0.05,0,237.16756874549003
0.5285714285714286,0.2857142857142857,0.14285714285714285,0,152.52536874272417
0.5285714285714286,0.2857142857142857,0.2357142857142857,0,58.907283217680366
0.5285714285714286,0.4,0.05,0,234.6924725649384
0.5285714285714286,0.4,0.14285714285714285,0,150.29434371676427
0.5285714285714286,0.4,0.2357142857142857,0,59.20503905150777
0.6,-0.4,0.05,0,239.4571010213652
0.6,-0.4,0.14285714285714285,0,149.04263541173762
0.6,-0.4,0.2357142857142857,0,59.13790681257498
0.6,-0.2857142857142857,0.05,0,235.6569662966831
0.6,-0.2857142857142857,0.14285714285714285,0,150.24100874400042
0.6,-0.2857142857142857,0.2357142857142857,0,59.12455640833321
0.6,-0.17142857142857143,0.05,0,237.19721989155505
0.6,-0.17142857142857143,0.14285714285714285,0,158.9547053669906
0.6,-0.17142857142857143,0.2357142857142857,0,59.104610491836866
0.6,-0.05714285714285716,0.05,0,239.4548376912834
0.6,-0.05714285714285716,0.14285714285714285,0,149.93807775156534
0.6,-0.05714285714285716,0.2357142857142857,0,59.0792886431364
0.6,0.05714285714285716,0.05,0,239.45320779321273
0.6,0.05714285714285716,0.14285714285714285,0,149.92228181274857
0.6,0.05714285714285716,0.2357142857142857,0,59.0840637638373
0.6,0.17142857142857149,0.05,0,236.04949513523545
0.6,0.17142857142857149,0.14285714285714285,0,157.18756018168202
0.6,0.17142857142857149,0.2357142857142857,0,59.112036432073374
0.6,0.2857142857142857,0.05,0,235.12444641878918
0.6,0.2857142857142857,0.14285714285714285,0,150.20831662806432
0.6,0.2857142857142857,0.2357142857142857,0,59.13060022856537
0.6,0.4,0.05,0,239.61239510154385
0.6,0.4,0.14285714285714285,0,149.09299179338188
0.6,0.4,0.2357142857142857,0,59.13247589722426
